well,barcode
A01,AAACAAACC
A02,AACTCGGGA
A03,AAACAACGG
A04,AACTGAGGC
A05,AAACAGGAA
A06,AACTTCCTT
A07,AAACCAGAT
A08,AAGAAATCG
A09,AAACCCTTC
A10,AAGACGATG
A11,AAACCGTGG
A12,AAGAGCACG
A13,AAACCTCCA
A14,AAGAGTGTA
A15,AAACGGCTC
A16,AAGCTCGAA
A17,AAAGAAGCA
A18,AAGCTGTCC
A19,AAAGACAGT
A20,AAGGACAAA
A21,AAAGATGGG
A22,AAGGAGAGG
A23,AAAGCGACT
A24,AAGGATTCC
B01,AATTACCTC
B02,ACGCAAAGA
B03,AATTGGTCG
B04,ACGCTACCA
B05,AATTTCAGC
B06,ACGGCTAGT
B07,ACAAACCTG
B08,ACGGGAACA
B09,ACAAATGCG
B10,ACGTCATGG
B11,ACAAGGAGG
B12,ACGTTCCTC
B13,ACACGTTAT
B14,ACGTTGAGA
B15,ACACTGGTG
B16,ACTATCACA
B17,ACATATACC
B18,ACTCCCATT
B19,ACATCCGAA
B20,ACTCCGTCA
B21,ACCAACAAA
B22,ACTCGTTGC
B23,ACCACACGT
B24,ACTTCTGTA
C01,AAAGGGAGA
C02,AAGGCCTTT
C03,AAAGGGTTT
C04,AAGGGTAAT
C05,AAAGTCTGA
C06,AAGGTGGCA
C07,AAATCTTCG
C08,AAGTCAACA
C09,AAATGCACA
C10,AAGTGCGTG
C11,AAATTGGCC
C12,AAGTTTACC
C13,AACAAGTAC
C14,AATAACGGG
C15,AACACTAGC
C16,AATCACCCA
C17,AACAGGTTG
C18,AATCATGCT
C19,AACCTATGT
C20,AATCGGACA
C21,AACGCATAA
C22,AATGCGCTA
C23,AACGTAACC
C24,AATGTTGTG
D01,ACCATCGAT
D02,AGAAACAAG
D03,ACCATGTCA
D04,AGAAACTGT
D05,ACCCAATCT
D06,AGAAAGACC
D07,ACCGAAATT
D08,AGAAGAGCT
D09,ACCGATGAA
D10,AGAAGTGGA
D11,ACCGGTCTA
D12,AGACTCATT
D13,ACCTCTTAT
D14,AGACTGAAA
D15,ACCTTAGTA
D16,AGAGCCAAC
D17,ACCTTGACA
D18,AGAGGGCAT
D19,ACCTTTGGG
D20,AGAGTCGGT
D21,ACGAGGCTT
D22,AGATATCCG
D23,ACGATTTGA
D24,AGATGATGA
E01,CAAACGTCA
E02,CCACCTAAA
E03,CAAATACCC
E04,CCACTTCTC
E05,CAAATGATC
E06,CCAGATAAG
E07,CAAGTTCGA
E08,CCAGCAGTA
E09,CAATAGGTG
E10,CCAGGAATG
E11,CACACATGG
E12,CCATAACAC
E13,CACAGACGA
E14,CCATGTTTC
E15,CACCAACTT
E16,CCATTCACT
E17,CACCGTTTA
E18,CCCAAGAGT
E19,CACCTCGTA
E20,CCCTACTTT
E21,CACTGCAAT
E22,CCGAATCCA
E23,CACTTTGTT
E24,CCGGAGTTA
F01,CGAGTACTC
F02,AGCAATTCA
F03,CGATGTCTA
F04,AGCCACTAC
F05,CGATTCGCA
F06,AGCCGGATT
F07,CGCACCATA
F08,AGCCGGTAA
F09,CGCATTAGG
F10,AGCGAAGTA
F11,CGCTAATGG
F12,AGCGTTTGC
F13,CGGAATAAG
F14,AGCTTACAA
F15,CGGGATTGT
F16,AGGAACCCT
F17,CGGTACACA
F18,AGGACTCTC
F19,CGGTTCAGT
F20,AGGAGGAGA
F21,CGGTTGTAA
F22,AGGCTTGGT
F23,CGTAAGGTT
F24,AGGGTAAAG
G01,CAGACTTGC
G02,CCGTCTCTT
G03,CAGCCCTAT
G04,CCGTTGGTT
G05,CAGCTTAAG
G06,CCGTTTCAA
G07,CAGGCAAGA
G08,CCTAAACTA
G09,CAGTGTTAG
G10,CCTAATATG
G11,CAGTTATGC
G12,CCTACAGAA
G13,CATATCCAT
G14,CCTATTGCC
G15,CATCCAGTT
G16,CCTGGATCT
G17,CATCGCTCA
G18,CCTTAAGGC
G19,CATGACGTA
G20,CCTTCCACA
G21,CATGAGACC
G22,CGAACATTT
G23,CATGTACTG
G24,CGACAAATC
H01,CGTAGAGTA
H02,AGGGTTCTT
H03,CGTCACTTG
H04,AGGTCCGAT
H05,CGTCCTAAC
H06,CTATCTCCT
H07,CGTCTGCTA
H08,CTCCCTGAA
H09,CGTGCTTTC
H10,CTCCTTTCG
H11,CGTGTATCG
H12,CTCGTTCCA
H13,CTAACACCA
H14,CTCTCAAAC
H15,CTAATGGAA
H16,CTCTCTACG
H17,CTACCTGTG
H18,CTCTGGTTT
H19,CTACGCGTA
H20,CTGACGACA
H21,CTAGAAATG
H22,CTGATCCTA
H23,CTAGTGTGG
H24,CTGCAGTTT
I01,GAAACACAT
I02,GATGAAAGC
I03,GAAACGAAA
I04,GATGCCACT
I05,GAAAGAGTA
I06,GATTCTTGC
I07,GAAAGTCCG
I08,GATTGTACC
I09,GAACAGTGA
I10,GCAATATAG
I11,GAACTTACT
I12,GCACAAGCA
I13,GAAGAACCG
I14,GCAGTCTCA
I15,GAAGCTGCA
I16,GCATACTAC
I17,GAAGGTTTG
I18,GCATAGAAC
I19,GAATCCAAG
I20,GCCAATTGG
I21,GACAACGCT
I22,GCCACCATT
I23,GACAATAAC
I24,GCCTTGAGT
J01,GGACATATT
J02,CTGGGACTA
J03,GGACCTTGT
J04,CTGTCGTCT
J05,GGAGAGCAA
J06,CTTAACCCG
J07,GGAGTCACT
J08,CTTAGTGGC
J09,GGATAAAGA
J10,CTTCGGAAG
J11,GGATAGTGG
J12,CTTTCCTAG
J13,GGCATGCAT
J14,CTTTGATGT
J15,GGCCTCAAA
J16,GTAAGGACA
J17,GGCTATTAT
J18,GTACCCAGT
J19,GGCTCGTTT
J20,GTATGCAGG
J21,GGGAAACTA
J22,GTCAAATTC
J23,GGGAAGTGA
J24,GTCAAGCGA
K01,GACCTAGAG
K02,GCGAACAAC
K03,GACGGAACT
K04,GCGCACTTA
K05,GACTAAGGT
K06,GCGCGTAAA
K07,GACTTATCC
K08,GCGTCCATA
K09,GAGCAGAAG
K10,GCGTGTTAC
K11,GAGCATCTC
K12,GCTAAGCCT
K13,GAGGATACA
K14,GCTAGATCG
K15,GAGTAGTCG
K16,GCTCTTCTT
K17,GAGTGACGA
K18,GCTGTCTGT
K19,GATACCTTC
K20,GCTGTGCAA
K21,GATACTGTA
K22,GGAACGATG
K23,GATCCTCAG
K24,GGACAACCA
L01,GGGATCATT
L02,GTCACTAAG
L03,GGGATTTCC
L04,GTCATGGTC
L05,GGGTAATCC
L06,GTCCCACAA
L07,GGGTCGAAA
L08,GTCCGTACT
L09,GGTAACGTC
L10,GTCGATACC
L11,GGTACAAGG
L12,GTCGGTAGA
L13,GGTATAGGC
L14,GTCTTGAAA
L15,GGTCTCTGA
L16,GTGAACACG
L17,GGTGCAGAT
L18,GTGACTTGG
L19,GGTGGACAA
L20,GTGATGCTA
L21,GGTGTTTAA
L22,GTGGGATAA
L23,GGTTTCCAC
L24,GTGTCTCCA
M01,TAACGCCCA
M02,TCACGACGT
M03,TAAGGCGGA
M04,TCAGCCAAT
M05,TAATTGCCA
M06,TCAGTTAAC
M07,TACACGTCG
M08,TCATAGCTT
M09,TACATGGGT
M10,TCATCGTAG
M11,TACCAAGGT
M12,TCCATCAAC
M13,TACCGGATA
M14,TCCCATTAC
M15,TACGATCAG
M16,TCCTAATGA
M17,TACGCCTGT
M18,TCCTAGGCA
M19,TACGTGTCC
M20,TCCTGCTCT
M21,TACTTCGAA
M22,TCCTTACCG
M23,TAGACGCGA
M24,TCGAGAGAT
N01,TGACGTAGC
N02,GTGTGAATT
N03,TGAGCGAGT
N04,GTGTGGTGA
N05,TGATACCGC
N06,GTTCAGTGC
N07,TGCAACCTG
N08,GTTCCACCT
N09,TGCCAGAAA
N10,GTTCGCTTC
N11,TGCGGCAAA
N12,GTTGGTCCT
N13,TGCGGTTAT
N14,GTTGTTGCG
N15,TGCGTATGG
N16,TTACGGCTC
N17,TGCTCAAAT
N18,TTAGCTGGA
N19,TGCTCTTGC
N20,TTATGGCGT
N21,TGGACCAAA
N22,TTCCGTTTG
N23,TGGCAAAGC
N24,TTCCTTCAT
O01,TAGCGCATC
O02,TCGATGTGC
O03,TAGGGTTCA
O04,TCGCCTCTA
O05,TAGGTACGG
O06,TCGCTGACA
O07,TAGTTGCTT
O08,TCGGAAATC
O09,TATCAACCG
O10,TCGGCGTTT
O11,TATCGGGTG
O12,TCTCCAGGA
O13,TATTCACGC
O14,TCTGGGTAT
O15,TATTGAAGG
O16,TCTGTCACC
O17,TATTTGGGA
O18,TCTTACGAG
O19,TCAAACCGA
O20,TCTTATTCC
O21,TCAACTTTC
O22,TCTTCGCTG
O23,TCAAGTCAT
O24,TGACCGTTC
P01,TGGCATTTG
P02,TTCTAACCA
P03,TGGCTGAAT
P04,TTCTAGTCT
P05,TGGGAGCTT
P06,TTCTTGTTG
P07,TGGGTGGTA
P08,TTCTTTAGC
P09,TGGTCCTTA
P10,TTGAGTGTC
P11,TGTCCATCC
P12,TTGCCCTGT
P13,TGTGAGGGA
P14,TTGCTTCCG
P15,TGTGCCTAG
P16,TTGTCAGAG
P17,TGTTGCGAC
P18,TTGTTACTC
P19,TGTTGTCAG
P20,TTTACGGTG
P21,TTAATCCCT
P22,TTTCAGCCC
P23,TTACCGAAC
P24,TTTCGAAGA
